"Time","Frequency"
10,NA
99,NA
183,46242
270,46783
359,45454
444,45977
529,47058
618,45977
703,45977
813,41025
899,40816
985,46511
1070,46783
1207,36036
1293,35874
1377,47058
1461,47619
1548,46783
1634,46242
1722,45977
1806,46511
1890,47619
1978,46511
2064,45977
2149,46783
2326,30534
2411,30534
2495,47337
2580,47337
2667,46511
2886,26143
3016,22922
3145,30888
3231,37209
3315,47058
3404,46242
3489,45977
3574,47058
3659,47058
3743,47337
4249,13559
4396,12251
4672,18912
4780,20833
4864,41666
5009,34934
5109,32653
5208,40201
5361,31746
5822,13029
5906,14678
6035,37558
6233,24464
6537,15936
6771,14869
6939,19900
7592,9744
7953,7889
8263,11922
10004,NA
10415,NA
10821,9791
12894,NA
13370,NA
14029,7048
14399,7774
14833,9950
17805,NA
58619,NA
58741,NA
58847,35087
59106,21917
59311,17241
59621,15533
59699,20618
59899,28776
59998,26755
60140,33195
60221,35874
60411,29520
60748,15180
60827,19230
60953,39024
61034,38647
61118,48484
61356,24844
61479,22160
61563,38647
61649,47058
61952,20565
62308,12139
62434,16597
62542,34188
62822,20618
62925,20887
63249,18735
65404,NA
65617,NA
65696,27397
65886,29739
66057,22160
66132,32520
66210,52287
66379,32388
66457,32388
66594,37209
66727,29629
66878,28169
66997,29629
67102,35714
67253,31250
67348,32520
67575,24844
67700,22727
67935,22222
68013,25559
68091,51282
68186,46242
68299,38461
68402,37037
68529,34782
68658,31250
68736,38647
68817,50314
68897,49689
68971,51948
69046,53691
69149,44943
69228,43956
69309,50000
69390,49382
69472,49079
69554,48780
69635,49079
69760,38834
69838,39408
69945,43243
70025,42780
70109,48780
70191,48192
70276,47904
70359,47619
70444,47619
70572,37558
70700,31250
70828,31250
70912,37735
70996,47619
71079,47904
71213,36866
71365,27972
71443,34782
71517,52631
71708,30188
71792,29090
71877,47337
72008,37037
72090,37558
72176,47619
72313,35874
72410,34188
72490,45197
72571,49689
72740,32000
72820,32128
72912,46511
73039,36529
73125,37558
73230,41884
73377,31746
73463,34334
73592,37209
73677,37383
73760,47619
73844,47904
73929,47337
74013,47337
74102,46242
74183,47058
74379,28880
74478,27118
74563,43478
74671,41450
74755,41666
74839,47619
74926,46783
75010,46783
75094,47619
75178,47619
75262,47619
75346,47619
75431,47337
75545,40201
75723,27397
75930,20779
76031,25974
76117,42780
76306,29090
76388,29520
76520,37383
76757,21680
76841,24922
76919,49382
77000,50314
77188,29739
77625,12800
77751,14209
77903,28776
78118,21798
78224,24922
78307,42328
78525,26578
78627,25000
78951,18779
79140,15594
80118,6855
80634,5354
83765,NA
148662,NA
149305,NA
149511,9422
149850,14678
149952,18140
150097,32388
150237,28070
150622,15238
150750,15594
150836,37383
150946,40816
151052,37037
151137,41884
151223,46783
151312,45714
151418,41025
151554,33057
151640,36036
151725,46783
151811,46783
151900,45714
152008,40609
152119,36529
152204,40816
152360,33195
152578,21390
152774,19323
152908,24242
152994,36363
153079,46783
153217,35874
153345,30075
153480,30418
153564,36529
153656,45454
153828,30303
154138,16597
154587,10540
155103,8290
155687,7272
155995,8968
156324,12558
156719,11049
157053,10973
157156,18306
157436,20887
157716,14285
157893,17505
158065,22922
158242,22922
158326,30651
158409,47904
158782,17543
158885,16806
159056,29197
159266,20997
159409,22662
159512,32520
159617,38461
159715,39408
159846,34934
159951,33898
160036,42105
160252,26578
160357,24922
160443,41884
160577,36363
160661,36697
160772,41025
160859,40404
160946,45977
161058,40201
161143,40609
161226,47619
161380,33755
161833,13179
161941,14260
162026,41450
162279,23668
162364,23668
162451,46511
162537,46242
162628,45197
162717,44444
162804,45454
162890,46242
163001,40609
163086,40816
163174,46242
163260,45977
163345,46783
163433,46242
163522,45197
163764,24169
163891,21680
163976,37735
164107,37037
164187,37914
164297,42105
164382,41025
164470,46242
164713,24169
165310,9523
165408,11510
165698,20618
165783,21333
165869,46783
165954,46783
166225,22471
166334,21052
166485,30769
166753,19093
166853,21739
167086,24024
167373,15384
167676,13559
168057,11695
169103,5606
169389,6006
170175,7462
170375,8113
170479,26315
170591,37037
170719,33333
171266,11851
171539,9756
172055,10139
172975,5571
174000,4113
175741,NA
175826,4381
177596,4312
218572,NA
256542,NA
256609,NA
256679,58394
256866,31128
256936,31128
257011,55172
257104,47619
257219,38461
257395,27491
257528,25889
257627,34482
257860,24096
257955,24390
258144,28169
258289,23952
258414,29629
258495,38834
258579,48484
258662,47904
258745,48192
258827,48484
259067,24844
259436,13136
259561,16194
259666,34782
259773,37735
259859,41450
259945,46511
260029,47058
260115,47058
260201,46511
260287,46511
260372,46783
260459,46511
260547,45714
260631,46511
260716,47337
260804,46242
260890,45977
260976,46511
261062,46511
261148,46511
261235,46242
261344,40816
261869,12618
263318,4052
263773,4201
264212,8948
264313,14814
264409,40609
264485,46511
264825,19230
265086,13311
265201,21276
265463,21220
265634,18475
265737,29197
265817,43715
266012,29090
266220,19851
266368,22471
266446,35398
266525,50955
266612,48192
266696,46783
266779,47904
266862,48192
266969,42105
267075,37558
267151,43956
267230,51612
267311,50000
267429,40201
267508,40609
267590,49689
267669,49689
267748,50632
267827,50632
267910,49382
267994,47904
268077,47904
268159,48484
268240,49079
268321,49382
268404,48780
268488,47904
268571,47904
268656,47619
268738,47904
268839,43715
268916,44943
268998,50314
269078,49382
269199,39800
269326,32258
269479,28571
269562,33898
269646,47904
269731,47337
269817,46783
269903,46511
270036,36529
270119,37037
270203,47904
270288,47337
270373,47058
270458,47058
270544,46783
270628,47058
270714,47058
270799,46783
270884,47058
270969,47058
271054,47058
271135,48192
271239,43243
271320,43243
271474,34042
271630,25806
271710,33898
271796,48192
271880,47058
272015,36529
272122,33057
272204,42328
272292,47058
272375,46783
272460,47619
272545,47058
272631,46783
272761,37037
272850,36529
272933,46511
273018,47619
273104,46783
273188,47058
273273,47337
273357,47337
273442,47337
273529,46511
273614,46511
273723,41237
273851,33755
273936,37558
274020,47337
274104,47619
274188,47619
274275,46783
274362,45977
274446,46783
274531,47337
274616,47058
274702,46783
274785,47337
274872,47058
275001,37037
275106,34188
275255,31496
275469,22038
275753,16064
276082,13050
276184,18561
276395,25559
276629,17977
276777,20942
276922,27303
277075,26845
277246,24691
277333,31007
277418,46511
277650,25236
278182,10471
278737,7359
283565,NA
284098,NA
284818,6384
346578,NA
346766,NA
346840,30534
346914,54054
346988,54054
347081,47904
347198,38095
347372,27491
347449,31872
347547,45714
347647,40404
347723,45454
347801,51948
347927,39215
348007,38834
348090,49079
348171,48780
348253,49079
348336,48484
348420,47904
348503,47904
348586,48192
348670,47904
348751,48484
348929,30888
349036,28070
349211,28368
349295,30888
349378,47904
349463,47619
349549,46783
349635,46511
349721,46511
349807,46511
349893,46511
349981,45977
350068,45714
350154,46242
350241,46242
350328,45977
350415,45977
350501,46242
350588,46242
350675,45977
350762,45977
350850,45714
350938,45454
351024,45977
351111,46242
351198,45977
351286,45714
351374,45454
351461,45714
351550,45454
351659,40404
351745,41025
351877,36697
351965,36363
352073,40816
352207,33057
352291,36697
352378,46783
352467,45454
352667,27681
352754,27874
352885,36697
353152,20100
353391,15810
354328,6802
355312,4164
355600,6289
355964,12269
356174,13937
356344,21052
356428,31496
356509,48484
356595,47904
356719,38095
356916,24922
357153,18433
357235,25078
357321,47619
357409,45977
357491,47058
357636,35242
357761,29629
357844,38461
357928,47904
358015,46783
358100,46511
358187,46511
358293,41450
358396,38277
358479,43010
358565,47337
358647,47619
358732,47904
358821,45977
358907,45714
358991,47058
359075,47619
359296,26229
359398,24767
359482,43010
359588,42105
359717,34042
359803,37209
360048,24169
360133,24242
360261,37558
360347,37383
360470,38277
360604,31128
360686,37037
360773,47337
360860,45977
360945,46511
361031,46783
361192,32388
361551,15384
361640,17857
361720,47337
361805,48484
361961,33195
362090,28070
362197,33898
362281,41884
362390,41450
362475,41237
362562,46511
362650,45714
362735,46242
362823,46242
362932,40609
363016,41450
363102,47058
363187,46783
363270,47619
363473,27972
363825,14414
363932,17429
364088,30418
364171,33472
364256,47619
364345,45977
364429,46242
364515,47058
364651,36036
364734,36529
364819,47619
364905,46783
365058,33472
365375,17021
365483,18823
365590,37209
365677,41237
365763,46242
365849,46511
365934,46783
366022,46242
366132,40404
366217,41025
366304,46511
366435,36697
366544,33333
366654,36529
366851,26058
366960,26143
367045,41237
367155,41025
367493,17857
367710,14414
367949,17543
368100,20512
368207,31007
368315,37209
368401,41237
368576,30651
368727,24539
369710,7054
370433,4689
370563,9378
370866,18475
371080,15473
371390,15267
371518,18264
371893,15904
372063,14678
372392,16032
373116,7597
373375,8138
373591,16842
373696,24922
375785,NA
377539,NA
387784,NA
446750,NA
446821,NA
446892,56338
447005,43478
447076,43478
447149,55555
447223,54421
447299,53333
447373,53333
447449,53333
447525,52631
447603,51948
447681,51282
447757,51948
447835,51948
447913,51282
447994,50314
448072,50314
448152,50632
448237,48484
448317,48484
448400,49079
448481,48780
448563,49079
448646,48484
448730,47904
448814,47619
448897,47904
448980,48192
449089,41666
449173,41450
449258,47337
449343,47058
449428,47058
449515,46511
449600,46511
449685,47058
449772,46511
449859,45977
449945,46242
450031,46511
450116,46783
450202,46783
450288,46511
450375,46242
450461,46242
450548,46242
450635,45977
450721,46242
450808,46242
450894,46242
450981,46242
451067,46242
451155,45977
451242,45714
451329,45977
451417,45714
451504,45714
451590,46242
451677,46242
451765,45714
451851,45977
451939,45977
452026,45714
452113,45977
452200,45977
452287,45977
452375,45714
452462,45714
452552,45197
452683,36199
452771,36529
452856,46242
452992,36199
453186,24242
453650,12158
453794,13157
453950,26666
454228,18433
454429,16701
454754,15209
455061,12658
455256,15936
455360,26755
455443,42780
455546,43010
455624,44198
455905,22284
456047,18912
456177,29411
456258,37914
456342,48484
456471,37558
456577,34042
456677,38834
456756,44692
456854,45197
456932,45454
457015,49689
457092,50000
457214,40201
457293,39800
457369,51612
457499,38834
457582,37558
457759,30769
457843,30651
457926,47904
458087,32786
458169,32921
458251,48780
458334,48484
458412,49689
458494,50000
458578,48192
458659,48484
458740,49382
458824,48484
458910,47058
458993,47337
459106,40816
459191,40404
459278,46511
459365,45977
459450,46511
459537,46511
459622,46511
459711,45977
459796,45977
459884,46242
459968,46511
460055,46783
460139,46783
460227,46511
460309,47058
460386,50314
460466,50955
460549,49079
460634,47619
460718,47337
460830,40816
460915,40609
461000,47058
461083,47619
461170,47058
461273,42105
461456,27972
461530,31128
461614,50632
461700,47058
461787,46242
461869,47337
461957,47058
462042,46242
462130,46242
462216,45977
462307,45197
462390,45977
462478,46783
462568,44943
462654,45454
462744,45454
462826,46511
462937,41450
463022,40816
463109,46511
463194,46511
463278,47337
463395,39800
463479,39800
463564,47337
463649,47058
463737,46242
463823,45977
463909,46511
463997,45977
464078,47337
464201,39215
464303,35555
464492,27491
464594,27491
464860,21739
464943,22922
465049,42328
465132,42328
465219,47058
465301,47337
465382,49079
465511,38095
465596,37383
465701,42105
465787,41884
465873,46511
465961,45977
466045,46511
466130,47337
466397,22727
466569,18223
466767,21621
466961,20408
467069,26490
467197,33898
468158,7346
468339,7005
468557,20050
468704,21917
469310,10624
470132,5602
471790,NA
472271,NA
472398,13157
472829,14336
474843,NA
530689,NA
530768,NA
530829,57142
530972,39215
531037,38461
531108,58823
531180,55944
531257,53691
531329,53691
531401,55555
531475,54794
531550,53691
531625,53333
531701,52980
531777,52631
531853,52631
531931,51948
532009,51282
532086,51612
532164,51612
532243,50955
532324,50000
532404,49689
532487,49079
532568,48780
532650,49079
532733,48484
532816,48192
532898,48484
532983,47904
533066,47619
533150,47904
533234,47619
533320,47058
533405,46783
533490,47058
533574,47337
533661,46783
533748,45977
533834,46242
533920,46511
534006,46511
534092,46511
534178,46511
534264,46511
534351,46242
534436,46511
534524,46242
534610,45977
534697,46242
534784,45977
534871,45977
534957,46242
535044,46242
535131,45977
535217,46242
535304,46242
535392,45714
535479,45714
535566,45977
535653,45977
535741,45714
535826,46242
535913,46511
536001,45714
536139,35398
536223,36036
536308,47337
536396,46242
536505,40609
536594,40404
536770,30188
536986,20408
537300,15094
537893,8820
538003,11379
538140,32388
538262,30888
538352,37735
538647,20779
538782,18604
538879,34482
539005,35874
539080,39800
539150,55172
539232,52631
539314,48780
539444,37735
539544,34782
539628,43478
539709,48484
539792,48780
539941,34482
540073,28469
540176,34042
540257,43478
540369,41450
540449,41666
540531,49382
540616,47904
540703,46511
540787,46783
540873,47058
540960,46242
541043,47058
541127,47904
541213,47058
541296,47337
541367,51948
541445,53691
541591,35714
541675,34782
541755,48780
541840,48484
541923,47619
542044,39215
542118,41025
542231,42780
542310,41666
542390,50314
542475,48484
542555,48484
542636,49689
542718,49079
542873,33755
542955,33755
543037,48780
543120,48484
543204,47904
543286,48192
543362,50632
543455,47337
543532,47058
543616,49689
543699,47904
543784,47619
543870,46783
543958,45977
544042,46511
544126,47619
544213,46783
544295,47337
544380,47904
544606,25723
544687,26058
544776,47058
544856,47337
544943,47904
545027,46783
545162,36529
545247,36363
545331,47337
545419,46511
545503,46511
545587,47619
545662,50314
545744,50955
545832,47058
545947,39408
546031,40201
546115,47619
546200,47337
546282,47904
546375,45714
546455,46242
546543,47619
546626,46783
546713,47058
546796,47058
546879,48192
546957,49689
547040,49689
547124,47904
547322,28368
547526,19900
547651,24316
547734,38461
547817,48192
547930,40816
548011,41237
548095,48484
548229,36697
548359,30303
548447,36697
548533,45977
548619,46511
548774,33195
548882,30418
548964,42105
549208,24539
549292,24390
549378,47058
549486,41237
549614,33898
549768,28368
549876,30534
549961,41450
550047,46783
550133,46511
550215,47619
550412,28673
550536,24922
550706,27210
551044,15748
551373,11994
551724,11764
551828,17582
551977,31620
552084,31250
552236,30888
552382,26845
552536,26666
552644,30534
552813,28880
552944,26666
553027,37383
553132,42553
553216,42328
554053,8686
554325,7213
554867,9828
554991,12012
555187,25000
555484,16227
555653,17167
556025,14787
557445,4464
557811,4479
559745,NA
560244,NA
561686,4121
563585,NA
565264,NA
643132,NA
643191,NA
643255,65040
643322,61068
643416,49689
643483,49689
643554,57971
643623,57142
643738,43478
643810,42780
643883,55172
643957,54421
644031,54054
644107,53333
644183,52631
644259,52631
644336,52287
644415,51282
644492,51282
644570,51612
644648,51282
644728,50632
644808,50000
644889,49689
644971,49079
645053,48780
645136,48484
645219,48192
645301,48484
645384,48484
645469,47619
645552,47619
645637,47619
645722,47058
645807,47058
645891,47337
645975,47619
646063,46511
646149,45977
646233,47058
646320,46783
646406,46242
646492,46511
646578,46511
646664,46511
646750,46511
646836,46511
646921,46783
647008,46511
647094,46242
647181,46242
647268,45977
647354,46242
647441,46242
647527,46242
647614,46242
647701,45977
647787,46242
647874,46242
647960,46242
648048,45977
648135,45714
648221,46242
648309,45977
648396,45714
648483,45977
648590,41237
648724,33195
648812,36036
649251,15180
649995,6762
650124,9163
650364,21680
650528,19801
650707,23323
650890,22099
651059,22727
651134,32786
651214,51612
651292,50632
651401,42780
651481,42328
651607,38834
651754,29304
651836,34934
651918,48780
652000,48780
652079,49689
652161,49689
652267,42553
652348,42780
652432,48484
652517,47337
652602,47058
652687,47058
652771,47337
652928,33195
653059,27777
653139,37914
653223,48780
653309,47058
653393,47058
653474,48484
653607,37383
653737,30418
653814,38647
653896,50314
654019,39024
654098,39603
654175,51282
654253,51612
654505,24242
654654,19950
654733,35087
654824,47058
654904,46783
654986,49382
655072,47619
655157,46783
655244,46511
655346,42328
655453,38277
655528,43956
655609,51282
655694,48192
655778,47337
655863,47337
655947,47337
656034,46783
656117,47058
656197,49079
656275,50632
656350,52287
656427,52631
656497,54421
656575,54054
656655,50632
656813,33613
656894,33472
656983,47058
657066,46511
657157,45977
657239,46242
657323,48192
657407,47619
657594,29520
657675,29850
657758,48780
657845,47058
657932,45977
658018,46242
658102,47058
658232,37383
658386,28169
658468,33898
658551,48484
658634,48192
658719,47619
658854,36363
659032,25559
659116,30534
659202,47058
659286,47058
659424,36036
659508,36036
659593,47337
659681,46242
659767,45977
659852,46783
659938,46783
660023,46783
660179,33195
660262,33472
660347,47619
660431,47337
660514,47904
660688,31128
661062,14598
661172,16528
661274,37735
661363,41884
661447,46242
661532,47337
661644,40609
661726,41237
661810,48192
661985,30888
662114,26315
662386,19950
662666,14492
662751,21917
662836,47058
662928,45197
663311,16842
663433,15841
663536,35555
663620,42780
663750,37383
663837,36866
663943,41450
664206,21680
664291,22988
664375,47337
664646,22535
664867,16260
665380,10899
665528,12102
665763,20887
665871,23323
666068,26229
666259,20618
666410,23391
666835,13888
667403,8056
667606,10376
667692,27681
667799,41450
667884,41666
668009,38095
668182,26845
668351,23391
673617,NA
674413,NA
674853,6472
675954,5191
725286,NA
725345,NA
725425,57553
725485,57142
725548,65040
725612,62992
725678,61538
725744,60606
725837,50314
725907,49079
725978,56737
726042,59259
726111,60150
726183,56737
726256,55172
726330,54421
726406,53333
726481,52980
726558,52631
726635,51948
726712,51948
726790,51612
726869,50955
726947,50955
727026,50955
727106,50314
727186,50000
727268,49382
727349,49079
727431,49079
727514,48484
727597,48192
727679,48484
727761,48780
727847,47619
727929,47619
728015,47619
728099,47058
728185,47058
728269,47058
728354,47337
728440,46783
728526,46511
728611,46783
728698,46511
728783,46511
728869,46783
728955,46511
729042,46242
729128,46242
729213,46783
729299,46783
729386,46242
729472,46242
729560,45977
729646,45977
729733,46242
729819,46242
729906,46242
729992,46242
730079,46242
730165,46242
730253,45977
730340,45714
730431,44943
730519,44692
730609,44943
730692,46242
730778,47337
730864,46511
730974,40816
731084,36363
731170,40816
731258,45977
731388,36697
731521,30418
731629,33195
732299,10282
732465,9569
732569,29629
732727,30534
732868,26755
733366,12519
733444,13888
733692,24539
733832,20618
734000,25974
734084,31746
734166,48192
734247,49079
734329,49079
734410,49079
734544,37209
734650,33333
734731,42780
734841,41884
734916,43243
735047,38834
735127,37914
735208,49689
735291,48780
735377,47337
735459,47619
735543,48192
735629,47058
735715,46511
735797,47619
735881,48192
735959,49382
736041,50000
736124,48484
736209,47619
736293,47337
736371,49382
736450,50955
736580,38277
736668,36697
736751,46783
736865,40609
736945,41237
737064,40201
737148,39408
737232,47619
737316,47619
737404,46511
737487,46783
737571,47904
737714,35242
737819,32258
737895,44198
737974,51612
738056,49689
738140,48192
738223,47904
738302,49382
738384,49689
738463,49689
738574,42105
738654,41884
738740,48192
738824,47058
738909,47337
738994,47058
739080,46783
739164,47058
739251,46783
739335,46783
739419,47619
739502,47904
739586,47904
739668,48192
739758,46511
739842,45977
739930,46511
740018,45454
740104,45977
740188,47058
740273,47337
740359,46783
740443,47058
740530,46783
740824,20997
740944,19323
741028,39215
741116,46511
741200,46511
741287,46783
741367,47904
741489,39603
741571,39215
741658,47337
741745,45977
741829,46783
741914,47337
741999,47058
742082,47619
742242,32921
742324,33057
742435,41450
742657,24024
742740,26229
742825,47619
742934,41237
743020,41025
743104,47058
743194,45977
743364,30769
743696,15936
743823,17429
743955,30888
744037,37383
744191,33898
744365,24390
744450,30888
744535,47058
744618,47619
744763,35087
745172,14440
745277,15564
745473,26578
745555,28776
745790,25236
745995,18181
746326,14925
746573,13840
746984,12158
747221,12345
747596,13071
748028,9913
748107,15655
748258,34782
748676,14059
748946,11627
749030,22598
749310,21978
749587,14362
749913,13266
750018,18561
750188,29090
750620,13289
750847,12139
751160,14814
751469,12861
751640,16666
752072,13266
752263,12841
752433,22160
752732,17057
753631,6677
753823,7332
754496,9248
754793,8247
782690,NA
805151,NA
805208,NA
805266,69565
805328,66666
805391,64000
805452,64516
805516,64000
805582,61538
805650,59701
805721,57553
805789,57553
805859,57971
805930,56737
806000,56737
806072,56338
806158,50632
806229,50955
806303,55172
806378,53691
806454,52980
806530,52631
806607,52287
806684,51948
806762,51612
806840,51282
806919,50955
806998,50632
807078,50314
807157,50314
807237,50314
807317,50000
807398,49689
807478,49689
807562,48780
807644,48192
807726,48780
807807,49079
807893,47904
807974,47904
808058,48484
808142,47619
808226,47619
808311,47337
808395,47337
808479,47619
808564,47337
808653,45977
808736,46511
808822,47337
808908,46511
808993,46783
809078,47058
809162,47337
809246,47619
809333,46783
809419,46242
809526,41450
809637,36697
809720,41237
809806,47337
810033,25559
810143,23738
810271,33613
810398,31372
810743,16949
810849,17738
810951,38461
811162,25559
811354,19851
811650,16393
811897,14732
812152,15936
812268,21563
812334,43956
812507,33472
812695,22160
812896,20565
812974,28673
813050,51948
813165,41884
813241,41884
813342,45197
813421,44444
813500,50632
813634,37558
813756,31250
813833,40201
813966,38095
814110,28880
814225,30888
814325,37209
814419,41237
814498,46242
814578,50314
814652,51948
814732,51948
814815,49079
814894,49382
815003,42553
815084,42105
815163,50000
815245,49689
815324,49689
815434,42328
815514,42105
815589,51612
815666,52631
815748,50314
815836,47058
815940,41666
816025,42328
816110,47058
816194,47337
816280,47058
816357,49079
816434,51948
816518,49689
816602,47619
816683,48484
816769,47904
816851,47619
816957,42553
817030,44692
817112,51612
817221,41884
817307,41025
817390,47337
817471,48780
817552,49382
817632,49689
817715,49079
817798,48192
817884,47337
817966,47619
818050,48192
818134,47619
818217,47904
818305,46783
818389,46511
818473,47619
818555,48192
818644,46783
818727,46511
818808,48780
818894,47904
819024,37037
819105,37914
819188,48780
819271,48192
819353,48484
819430,50314
819510,50955
819593,49079
819679,47337
819767,45977
819850,46783
819933,48192
820020,47058
820102,47337
820187,47904
820270,47619
820379,41666
820465,41025
820550,46783
820637,46511
820719,47337
820802,48484
820888,47337
820971,47337
821054,48192
821137,48192
821331,28880
821486,22922
821566,34042
821648,49382
821733,47904
821816,47619
821902,47337
821986,47058
822070,47619
822169,43715
822247,45197
822328,50314
822464,36866
822546,36697
822631,47904
822714,47619
822799,47619
822883,47337
823017,36697
823164,28469
823270,31620
823352,42553
823553,28268
823697,23188
823894,23460
824012,25396
824098,39215
824181,47337
824267,47337
824350,47337
824432,48484
824585,34042
824741,25889
824818,34334
824897,51282
825264,17937
825389,16260
825583,25078
825710,24922
825812,34934
826085,21333
826205,20356
826331,32520
826497,27397
826800,17057
827068,14010
827679,9101
828267,6672
828471,10101
828575,25974
828934,17278
829317,10781
830635,4703
831041,4640
831675,7692
832468,5606
833454,4496
835832,NA
837266,NA
846181,NA
867244,NA
890091,NA
890147,NA
890204,70796
890264,68376
890355,52980
890419,51612
890550,41025
890653,34188
890760,38095
890830,45197
890902,56338
890975,55172
891049,54421
891124,53691
891200,52980
891277,52287
891353,52287
891430,52287
891508,51612
891586,51282
891665,50955
891744,50632
891825,50000
891907,49079
891988,49079
892071,48780
892153,48484
892235,48780
892318,48484
892401,48192
892485,47904
892568,47904
892651,48192
892736,47619
892820,47337
892906,47058
892991,46783
893076,47058
893162,46783
893247,46783
893333,46783
893420,46242
893506,46242
893592,46511
893678,46511
893764,46511
893851,46242
893938,45977
894025,45977
894110,46511
894198,46242
894285,45714
894373,45714
894460,45714
894547,45977
894634,45977
894722,45714
894809,45714
894897,45714
894986,45197
895076,44692
895213,35242
895305,34934
895392,44692
895525,36363
895608,37037
895907,20942
896064,17543
896236,24316
896480,19230
896632,20202
896785,26229
896871,33472
896957,46511
897113,33057
897309,22727
897509,20202
897592,28268
897728,36529
897852,30769
898002,29197
898105,31620
898222,36363
898376,29520
898453,34632
898529,52287
898609,51282
898805,28985
898885,28985
898964,50314
899046,49689
899131,47904
899245,40201
899353,36036
899432,42780
899515,49382
899644,37735
899726,37914
899809,48484
899894,47619
900008,40201
900093,40201
900174,48192
900258,48484
900346,46511
900432,45977
900542,40816
900628,40816
900713,46783
900798,47058
900908,41025
901017,36529
901103,41025
901187,47058
901272,47337
901356,47337
901439,47904
901526,47058
901613,45977
901697,46783
901832,36529
901917,36363
902002,47058
902116,40201
902194,41666
902297,44198
902408,37383
902489,41666
902578,47058
902661,46511
902745,47904
902827,48192
902908,49079
902993,48192
903080,46511
903161,47619
903256,45454
903341,44444
903426,47058
903512,46783
903599,46242
903690,44943
903778,44692
903904,37383
904102,24691
904181,28880
904257,51612
904353,46511
904452,41025
904539,43010
904621,47337
904709,47058
904790,47337
904972,30418
905054,30303
905141,47337
905225,46783
905313,46511
905397,46511
905484,46783
905570,46242
905656,46511
905886,25316
905969,25559
906053,47904
906135,48192
906219,48192
906301,48192
906409,42105
906512,37914
906595,43010
906679,47904
906763,47619
906849,47058
906935,46511
907017,47619
907229,27210
907312,27118
907443,37383
907519,38647
907599,51282
907706,42780
907857,31007
907963,31128
908046,42328
908129,48192
908214,47619
908303,45977
908386,46511
908498,41025
908582,40816
908738,33333
908848,30075
908973,34042
909144,27027
909256,28268
909336,41666
909420,48780
909503,47904
909655,34042
909738,34042
909824,47337
909996,31007
910081,31128
910213,36866
910344,30418
910495,28368
910585,33195
910668,46242
910752,47904
910878,38095
911099,23054
911182,26315
911265,48192
911441,30888
911616,22792
911698,31128
911784,47619
912150,17699
912344,14285
912451,26578
912533,42328
912690,33472
912773,33333
912881,41884
912965,41666
913175,27210
914024,7554
914150,8205
914375,22792
914476,24539
914897,15325
915249,10349
915484,13628
915734,16494
917019,5211
918057,NA
918583,5115
919019,8316
919407,9708
919713,11527
920315,8810
922840,NA
924400,NA
929091,NA
1008311,NA
1008363,NA
1008419,74074
1008475,71428
1008532,70796
1008591,68965
1008652,66666
1008714,65040
1008777,64000
1008843,62015
1008910,60150
1008979,58823
1009049,57553
1009120,56737
1009192,55944
1009265,55172
1009338,54794
1009412,54421
1009488,53333
1009564,52631
1009640,52631
1009718,51948
1009796,51282
1009875,50955
1009954,50632
1010034,50314
1010114,50000
1010194,50000
1010275,49689
1010356,49382
1010438,49079
1010520,48780
1010603,48484
1010685,48484
1010769,48192
1010853,47619
1010936,47904
1011020,47904
1011105,47337
1011190,47058
1011275,47058
1011360,47058
1011445,47058
1011530,47058
1011616,46783
1011701,46783
1011787,46783
1011873,46511
1011959,46511
1012045,46511
1012131,46511
1012217,46511
1012303,46511
1012390,46242
1012476,46242
1012563,46242
1012649,46242
1012736,46242
1012822,46242
1012909,46242
1012996,45977
1013082,46242
1013169,46242
1013256,45977
1013344,45714
1013431,45714
1013517,46242
1013604,46242
1013691,45977
1013777,46242
1013864,46242
1013952,45714
1014040,45454
1014128,45454
1014214,45977
1014302,45977
1014385,46783
1014474,46511
1014583,40404
1014713,33472
1014910,24464
1015131,19138
1015238,24390
1015364,34334
1015435,40609
1015526,49382
1015604,47337
1015712,43010
1015785,44198
1015901,42328
1015981,40816
1016064,49079
1016163,43956
1016264,40000
1016342,44692
1016422,50632
1016500,50632
1016578,51282
1016648,54054
1016732,51948
1016816,47619
1016896,48780
1016982,48192
1017064,47619
1017149,47904
1017231,47904
1017313,48780
1017393,49382
1017462,53691
1017550,50955
1017636,45977
1017719,47337
1017804,47619
1017886,47904
1017973,47337
1018058,46511
1018142,47337
1018222,48780
1018301,50314
1018383,49689
1018462,49689
1018534,52980
1018620,50632
1018703,47337
1018793,46242
1018875,46511
1018964,46783
1019051,45454
1019140,45454
1019224,46242
1019311,46783
1019396,46511
1019483,46511
1019566,47058
1019654,46783
1019738,46511
1019826,46511
1019912,45977
1019996,47058
1020083,46783
1020167,46783
1020251,47619
1020335,47619
1020418,47904
1020505,47058
1020586,47619
1020671,48192
1020753,47904
1020837,48192
1020926,46242
1021011,45977
1021094,47619
1021171,50000
1021250,51282
1021332,49689
1021418,47619
1021528,40816
1021610,41666
1021690,49382
1021765,51612
1021843,52287
1021916,52980
1022004,49689
1022086,47058
1022172,47619
1022256,47058
1022345,46242
1022425,47337
1022522,45197
1022605,44444
1022690,47619
1022775,47058
1022861,46783
1022947,46511
1023030,47337
1023117,47058
1023256,35398
1023341,35714
1023423,47904
1023510,47337
1023593,47058
1023680,47058
1023760,47904
1023903,35874
1023984,35714
1024069,48192
1024152,47619
1024239,47058
1024322,47058
1024406,47904
1024490,47619
1024574,47619
1024659,47337
1024793,36529
1024876,36866
1024961,47619
1025049,46242
1025133,46511
1025229,44444
1025307,45977
1025445,37037
1025603,27027
1025685,33333
1025768,48484
1025855,47058
1025944,45454
1026122,29962
1026195,31872
1026308,43010
1026445,32000
1026614,26143
1026722,28880
1026826,37735
1026973,31872
1027227,19950
1027309,23809
1027398,46783
1027479,47058
1027562,48780
1027926,17897
1028010,17857
1028096,47058
1028182,46511
1028265,47337
1028443,30651
1028526,30651
1028610,47904
1028726,40000
1028808,40404
1028938,37735
1029023,37209
1029105,47904
1029188,48484
1029359,31496
1029581,20356
1029728,21680
1029809,35087
1029936,38461
1030039,34782
1030271,23880
1030505,17167
1030739,17094
1030938,18475
1031106,21798
1031192,31496
1031316,38095
1031399,38647
1031741,18823
1032045,12383
1032588,9445
1032853,9900
1033142,14440
1033226,21447
1033458,25316
1033669,18058
1033794,23809
1034009,23529
1034183,20565
1034651,12461
1035494,6102
1035771,7142
1035957,17278
1036103,24096
1036679,11080
1037988,4244
1038224,5177
1038713,11034
1040583,NA
1084394,NA
1084457,NA
1084519,64000
1084584,62992
1084650,61068
1084718,59701
1084788,57971
1084858,57142
1084929,56737
1085002,55555
1085076,54421
1085150,54054
1085226,53333
1085303,52287
1085380,51948
1085458,51612
1085538,50632
1085617,50314
1085696,50632
1085775,50632
1085856,50000
1085936,49689
1086017,49689
1086099,49079
1086181,48780
1086263,48780
1086345,48780
1086429,48192
1086512,47904
1086596,47904
1086679,47904
1086764,47619
1086850,46783
1086935,46783
1087020,47058
1087105,47058
1087191,46783
1087276,46783
1087362,46783
1087448,46511
1087534,46511
1087621,46242
1087707,46242
1087793,46511
1087881,45977
1087968,45714
1088054,46242
1088141,46242
1088228,45977
1088316,45714
1088403,45714
1088490,45977
1088577,45977
1088665,45714
1088752,45714
1088840,45714
1088928,45454
1089015,45714
1089103,45714
1089190,45714
1089278,45714
1089365,45714
1089453,45714
1089542,45197
1089632,44692
1090409,9227
1090536,8849
1090734,24615
1090912,21276
1091085,22792
1091373,17353
1091873,10152
1092310,8537
1092427,14440
1092591,28469
1092755,24390
1092854,30418
1092982,35242
1093129,29090
1093281,26755
1093361,34482
1093490,38277
1093573,37735
1093678,42553
1093764,41884
1093848,47058
1093937,46242
1094023,45714
1094107,47058
1094192,47337
1094278,46783
1094363,46783
1094477,40201
1094562,40201
1094648,46783
1094733,46783
1094819,46783
1094907,45977
1094995,45454
1095083,45454
1095169,45977
1095255,46511
1095342,46242
1095427,46511
1095513,46783
1095601,45977
1095686,46242
1095799,40404
1095883,40609
1095969,47058
1096059,45454
1096141,46511
1096264,39024
1096343,39603
1096427,49079
1096513,47058
1096598,46783
1096684,46783
1096816,36697
1096926,33057
1097035,36529
1097119,41450
1097203,47619
1097288,47337
1097372,47337
1097460,46511
1097607,34042
1097739,28673
1097822,37209
1097907,47619
1097992,47058
1098124,36866
1098234,33057
1098327,39408
1098407,46242
1098493,48192
1098580,46242
1098666,46242
1098753,46242
1098840,45977
1098926,46242
1099013,46242
1099099,46242
1099189,45454
1099585,16460
1099665,16806
1099769,43478
1099856,41884
1099941,46511
1100026,47058
1100112,46783
1100244,36697
1100331,36529
1100418,45977
1100506,45714
1100590,46511
1100675,47337
1100758,47619
1100836,49689
1100916,50632
1100995,50314
1101079,49079
1101170,45714
1101256,45197
1101338,47619
1101496,33333
1101580,33057
1101660,48780
1101742,49382
1101827,47904
1101937,41025
1102048,36199
1102135,40404
1102219,46783
1102348,37558
1102551,24096
1102701,22662
1102788,33755
1102873,46511
1102959,46783
1103042,47337
1103128,47337
1103214,46511
1103367,33472
1103466,31746
1103589,36036
1103942,16806
1104026,18306
1104157,37209
1104244,36697
1104348,41884
1104478,34188
1104564,37037
1104673,41025
1104759,41025
1104889,37037
1104973,37383
1105190,26578
1105273,26666
1105485,27118
1105573,26666
1105701,37037
1105788,37209
1105872,46783
1106022,34188
1106109,33755
1106193,46783
1106279,47058
1106474,28469
1106788,15717
1106947,16913
1107140,22727
1107376,18648
1107630,16326
1108141,10457
1108263,12638
1108423,28368
1108501,33613
1108585,49382
1108666,48484
1108906,24922
1109259,13490
1109519,13050
1109712,17660
1109860,23460
1109944,34482
1110033,46242
1110115,46783
1110224,41884
1110308,41450
1110415,41884
1110677,21680
1110758,23323
1110844,47904
1111201,18058
1111484,12500
1112009,9900
1112133,12326
1112631,12861
1114330,NA
1115118,NA
1115683,5912
1117943,NA
1126769,NA
1220497,NA
1220559,NA
1220625,62500
1220692,60150
1220761,58823
1220831,57553
1220903,56338
1220975,55555
1221048,55172
1221123,54054
1221198,53333
1221273,53333
1221350,52631
1221427,51948
1221504,51948
1221583,51282
1221662,50632
1221741,50632
1221821,50314
1221902,49689
1221983,49382
1222064,49382
1222146,49079
1222228,48780
1222311,48484
1222394,48192
1222478,47904
1222563,47337
1222647,47337
1222731,47619
1222815,47619
1222900,47337
1222986,46783
1223071,46783
1223157,46783
1223243,46511
1223329,46511
1223416,46242
1223502,46242
1223589,46242
1223676,45977
1223762,46242
1223849,46242
1223936,45977
1224022,46242
1224109,46242
1224196,45977
1224283,45977
1224371,45714
1224458,45714
1224545,45977
1224633,45714
1224721,45454
1224809,45454
1224896,45714
1224984,45714
1225072,45454
1225160,45454
1225248,45454
1225335,45714
1225423,45714
1225510,45714
1225598,45714
1225686,45454
1225773,45714
1225861,45714
1225969,40816
1226056,41025
1226145,45454
1226298,33057
1226436,27491
1226623,24615
1226700,30303
1226787,48780
1226859,50314
1226931,55555
1227009,53333
1227142,37914
1227225,37037
1227301,50314
1227379,51948
1227491,42105
1227569,42105
1227648,50955
1227730,49689
1227816,47619
1227893,49079
1227973,50955
1228160,29962
1228239,30075
1228323,49079
1228402,49079
1228489,48192
1228575,46242
1228661,46511
1228743,47619
1228819,50632
1228898,51612
1228984,48484
1229067,47337
1229148,48780
1229236,47337
1229319,46783
1229403,47904
1229515,40816
1229598,41025
1229683,47619
1229764,48192
1229865,43956
1229947,43715
1230032,47904
1230117,47058
1230209,45197
1230295,44943
1230382,46242
1230469,45977
1230553,46783
1230640,46783
1230726,46242
1230814,45977
1230899,46242
1230984,47058
1231060,49689
1231141,50955
1231224,48780
1231313,46511
1231404,44444
1231475,49382
1231559,51612
1231644,47337
1231728,47337
1231806,49382
1231888,50000
1231975,47337
1232061,46242
1232148,46242
1232235,45977
1232321,46242
1232408,46242
1232491,47058
1232575,47904
1232659,47619
1232741,48192
1232844,43243
1232925,43478
1233012,47619
1233095,47058
1233183,46783
1233272,45197
1233352,47337
1233432,50000
1233513,49689
1233604,46511
1233694,44198
1233779,45714
1233866,46511
1233951,46511
1234043,45197
1234130,44692
1234214,46783
1234300,47058
1234386,46511
1234471,46783
1234560,45977
1234644,46242
1234732,46511
1234816,46511
1234900,47619
1234985,47337
1235067,47904
1235140,51612
1235224,50955
1235307,47904
1235388,48780
1235469,49382
1235552,48780
1235642,46242
1235755,39408
1235839,40609
1235925,47058
1236010,46783
1236096,46783
1236180,47058
1236264,47619
1236349,47337
1236439,45714
1236522,46242
1236657,36697
1236735,37558
1236816,50314
1236901,48192
1236990,45977
1237078,45197
1237162,46511
1237273,41025
1237356,41237
1237462,42328
1237543,42780
1237627,48484
1237715,46511
1237798,46783
1237922,38647
1238003,39024
1238086,48780
1238172,47337
1238256,47058
1238376,39215
1238457,39800
1238544,47619
1238631,45977
1238742,40404
1238826,41025
1238912,47058
1238993,47904
1239093,44198
1239174,44198
1239258,48484
1239412,33613
1239494,33898
1239609,40609
1239690,40816
1239768,50314
1239890,40000
1239976,38461
1240061,46783
1240313,23738
1240394,24024
1240477,48780
1240563,47337
1240650,46242
1240735,46511
1240823,46242
1240909,45977
1240997,45977
1241082,46242
1241213,37037
1241347,30188
1241560,23054
1241686,23598
1241767,38647
1241895,38277
1241981,37383
1242063,47619
1242151,47058
1242235,46511
1242316,48484
1242487,31746
1242573,31128
1242655,47619
1242741,47619
1242848,41450
1242976,34042
1243105,31128
1243327,22792
1243790,11678
1244091,10471
1244373,13722
1244524,18475
1244608,34042
1244717,41450
1244800,41666
1244885,47619
1245076,28985
1245179,27210
1245444,21739
1245632,17660
1246037,13490
1246530,8908
1246922,9039
1247414,9049
1247958,7722
1248689,6274
1249514,5141
1249793,7246
1252179,NA
1252801,NA
1258206,NA
1313988,NA
1314048,NA
1314111,65040
1314175,62992
1314241,61538
1314309,59701
1314377,58823
1314447,57971
1314518,56737
1314591,55555
1314665,54421
1314739,54054
1314814,53691
1314890,52980
1314967,52287
1315046,51282
1315126,50314
1315205,50314
1315285,50314
1315365,50000
1315445,50000
1315526,49689
1315607,49382
1315689,49079
1315771,48780
1315854,48484
1315936,48484
1316020,48192
1316104,47619
1316187,47904
1316272,47619
1316355,47619
1316440,47619
1316525,47058
1316610,47058
1316696,46783
1316782,46511
1316870,45977
1316956,45977
1317042,46511
1317128,46511
1317215,46242
1317302,45977
1317388,46242
1317475,46242
1317562,45977
1317650,45714
1317737,45714
1317824,45977
1317912,45714
1317999,45714
1318087,45714
1318175,45454
1318264,45197
1318352,45197
1318440,45454
1318528,45454
1318617,45197
1318705,45197
1318793,45454
1318882,45197
1318971,44943
1319060,44943
1319149,44943
1319238,44943
1319327,44943
1319415,45197
1319505,44943
1319594,44692
1319682,45197
1319772,44943
1319861,44692
1319951,44692
1320041,44444
1320131,44444
1320568,15180
1320688,14362
1320841,29304
1320998,25806
1321150,25889
1321328,24242
1321529,21108
1321731,19851
1321837,25974
1322173,18099
1322427,13559
1322572,20050
1323099,11904
1323230,12158
1323426,24464
1323614,20833
1323698,29411
1323787,46242
1323875,45197
1323958,46783
1324066,41884
1324155,40609
1324240,45977
1324463,25974
1324676,18348
1324864,19950
1325019,23323
1325106,33057
1325217,40404
1325352,32520
1325463,32520
1325543,41884
1325983,15384
1326090,14625
1326177,41237
1326265,45714
1326421,32786
1326552,27874
1326660,33472
1326796,32786
1326930,29629
1327132,23809
1327221,27491
1327306,45977
1327394,46242
1327480,45977
1327568,45977
1327656,45454
1327747,44692
1327833,45197
1327922,45714
1328049,37037
1328291,21680
1328445,20202
1328533,33057
1328621,45454
1328705,46511
1328867,32520
1328978,29304
1329065,40404
1329152,45977
1329239,45977
1329326,45977
1329484,32653
1329667,23460
1329795,25723
1329881,37383
1329969,45977
1330053,46511
1330166,40609
1330251,40404
1330338,46511
1330424,46242
1330511,46242
1330599,45714
1330685,45977
1330773,45977
1331070,20779
1331155,20942
1331289,36529
1331374,36529
1331485,40816
1331570,40816
1331656,46783
1331744,45977
1331832,45454
1331920,45454
1332009,45197
1332092,46511
1332180,46783
1332375,28268
1332463,28268
1332568,41450
1332652,42328
1332737,47337
1332842,42105
1333062,24615
1333149,26058
1333236,45977
1333323,45977
1333411,45714
1333498,45714
1333582,46783
1333847,22922
1333957,21333
1334065,36697
1334152,41025
1334285,36363
1334397,32653
1334482,40609
1334590,41450
1334676,41237
1334765,45714
1334850,45977
1334937,46511
1335130,28571
1335496,14311
1336047,8724
1336377,9080
1336576,15122
1336885,15748
1337206,12698
1337336,17738
1337638,18518
1337841,15841
1338832,6700
1339145,6134
1339746,8752
1339830,11678
1341461,4664
1342184,NA
1342687,6525
1352843,NA
1356543,NA
1419768,NA
1436454,NA
1436520,NA
1436586,60606
1436656,58823
1436725,57553
1436796,57142
1436869,55555
1436941,55172
1437015,54794
1437090,53691
1437165,53333
1437241,52980
1437318,52287
1437396,51612
1437474,51282
1437553,50955
1437633,50314
1437713,50000
1437793,50000
1437874,49689
1437956,49079
1438038,48780
1438121,48484
1438204,48192
1438287,48192
1438370,48192
1438454,47904
1438539,47337
1438623,47337
1438708,47337
1438793,47058
1438878,47058
1438963,47058
1439049,46783
1439135,46511
1439221,46511
1439307,46511
1439394,46242
1439480,46242
1439567,46242
1439653,46242
1439740,46242
1439827,45977
1439914,45977
1440001,45977
1440089,45714
1440176,45714
1440264,45714
1440352,45454
1440440,45454
1440528,45454
1440615,45714
1440704,45454
1440792,45197
1440880,45454
1440968,45454
1441056,45454
1441145,45197
1441234,44943
1441322,45197
1441410,45454
1441499,45197
1441588,44943
1441677,44943
1441766,44943
1441854,45197
1441943,45197
1442032,44943
1442121,44943
1442210,44943
1442298,45197
1442388,44943
1442476,44943
1442565,45197
1442654,44943
1442744,44692
1442833,44692
1442926,43956
1443011,44943
1443103,45197
1443189,44943
1443282,44692
1443366,45197
1443480,40404
1443566,40000
1443646,48192
1443727,49689
1443810,48780
1443901,45977
1443989,44692
1444079,44943
1444164,45714
1444247,47619
1444327,49079
1444411,48780
1444500,46242
1444574,49079
1444653,52287
1444728,51948
1444834,44198
1444908,44444
1444990,51282
1445064,51282
1445141,52980
1445333,29739
1445413,29411
1445499,48192
1445583,47058
1445670,46783
1445757,45977
1445843,46242
1445932,45714
1446015,46511
1446104,46511
1446187,46511
1446266,49382
1446348,49689
1446433,47904
1446518,47058
1446607,45977
1446691,46242
1446813,38834
1446901,38095
1446987,45977
1447074,46242
1447161,45977
1447253,44692
1447331,47058
1447414,49689
1447498,47904
1447575,49689
1447660,49382
1447744,47337
1447832,46511
1447926,43956
1448012,44444
1448127,39800
1448206,41237
1448288,49689
1448372,48192
1448463,45714
1448557,43243
1448644,44198
1448731,45977
1448818,45977
1448905,45977
1448993,45714
1449076,46783
1449180,42780
1449265,42328
1449351,46783
1449438,46242
1449531,44444
1449616,44943
1449733,39603
1449818,39603
1449904,46783
1449990,46511
1450082,44943
1450168,44943
1450248,48192
1450329,49689
1450416,47619
1450499,47058
1450584,47619
1450668,47337
1450755,46783
1450838,47058
1450919,48780
1450998,50000
1451079,50000
1451159,49689
1451243,48780
1451327,47619
1451413,47058
1451500,46242
1451585,46511
1451667,47904
1451760,45714
1451847,44444
1451931,46783
1452018,46783
1452105,45977
1452189,46783
1452276,46783
1452363,45977
1452451,45714
1452536,46242
1452623,46511
1452709,46242
1452797,45977
1452883,45977
1452999,39603
1453085,39603
1453170,46783
1453257,46511
1453345,45714
1453433,45454
1453521,45454
1453608,45714
1453694,46242
1453779,46783
1453858,48780
1453983,39215
1454066,38461
1454151,47619
1454239,46242
1454326,45714
1454414,45714
1454501,45714
1454681,29962
1454788,27874
1454898,36866
1455023,34042
1455105,38647
1455190,47904
1455273,47619
1455376,43010
1455462,42328
1455548,46511
1455638,45454
1455724,45454
1455811,46242
1455898,45977
1455987,45454
1456074,45454
1456160,46242
1456249,45714
1456336,45454
1456421,46511
1456506,47058
1456613,41666
1456720,37383
1456861,32258
1456939,36529
1457097,33898
1457182,32921
1457264,47904
1457349,47904
1457431,47904
1457560,37914
1457644,37558
1457728,47619
1457813,47337
1457903,45714
1457988,45714
1458075,46511
1458164,45454
1458266,41884
1458364,40000
1458448,43956
1458606,33057
1458736,27777
1458821,37209
1458908,46511
1458992,46783
1459074,48192
1459157,48484
1459240,48192
1459325,47619
1459410,47058
1459517,41666
1459617,38647
1459742,35555
1459827,38095
1459914,46511
1460072,32653
1460156,33057
1460244,46511
1460329,46242
1460486,33057
1460777,17857
1460884,20100
1460970,41450
1461058,45977
1461145,45714
1461230,46511
1461318,46242
1461402,46511
1461490,46511
1461578,45454
1461663,46242
1461750,46511
1461880,36866
1462034,28169
1462137,31128
1462326,27397
1462540,19851
1462624,26845
1462714,45977
1462797,46242
1463073,22284
1463420,12841
1463741,11976
1463864,18018
1464102,22160
1464231,21798
1464343,33195
1464450,36529
1464577,34188
1465233,10217
1465597,7843
1465757,15267
1465867,29629
1466087,24242
1466319,17699
1466676,13582
1466972,12251
1467850,6814
1468205,6488
1469388,5201
1470645,NA
1472507,NA
1473740,NA
1535277,NA
1535722,NA
1535837,14285
1535913,41884
1535990,52287
1536068,51612
1536147,50955
1536226,50632
1536306,50314
1536387,49689
1536468,49382
1536550,49079
1536632,48780
1536715,48484
1536797,48484
1536881,48192
1536964,47904
1537048,47904
1537132,47619
1537217,47337
1537301,47337
1537387,47058
1537472,46783
1537558,46783
1537644,46511
1537730,46511
1537817,46242
1537903,46242
1537990,46242
1538077,45977
1538164,45977
1538250,46242
1538336,46511
1538424,45977
1538511,45714
1538599,45714
1538687,45454
1538775,45454
1538862,45714
1538950,45714
1539038,45454
1539125,45714
1539214,45454
1539302,45197
1539390,45454
1539479,45197
1539567,45197
1539655,45454
1539744,45197
1539832,45197
1539921,45197
1540010,44943
1540099,44943
1540187,45197
1540276,45197
1540366,44692
1540454,44943
1540544,44943
1540632,44943
1540722,44943
1540811,44692
1540900,44943
1540990,44692
1541079,44692
1541168,44943
1541258,44692
1541347,44692
1541435,45197
1541526,44692
1541615,44444
1541706,44444
1541793,44943
1541954,32258
1542038,32653
1542182,35087
1542282,32786
1542364,43956
1542503,36199
1542685,24922
1542926,18912
1543154,17057
1543283,22408
1543366,37735
1543760,16771
1543885,15414
1544016,31250
1544187,26490
1544588,13986
1544824,12558
1545073,16494
1545646,9732
1545733,12121
1545824,44943
1545909,45454
1545995,46783
1546082,46242
1546169,45977
1546259,45197
1546350,44198
1546481,36036
1546613,30418
1546881,20000
1546969,22471
1547059,44943
1547145,45454
1547233,45977
1547667,15325
1548427,6700
1548538,9184
1548696,29739
1548805,29962
1548917,36199
1549048,32921
1549136,36529
1549287,33472
1549489,22662
1550133,9456
1550350,9291
1550437,26315
1550549,40201
1550657,36363
1550994,17977
1551213,14388
1552363,5843
1552449,6472
1553065,11396
1553611,6884
1554097,7751
1554228,12965
1554375,28776
1554505,28880
1554702,24464
1554788,28268
1554878,45454
1554988,40000
1555141,30418
1555428,18181
1555833,11560
1556317,8998
1556559,11019
1556646,24316
1556756,40609
1556840,41237
1557031,29090
1557234,20304
1557549,15444
1557683,17817
1557901,22727
1558078,20253
1560410,NA
1561155,NA
1562225,4407
1564791,NA
1565259,NA
1565839,7633
1566012,10624
1569267,NA
1572000,NA
1572660,NA
1577758,NA
1579824,NA
1605416,NA
1609830,NA
1643477,NA
1643538,NA
1643602,64000
1643667,62015
1643735,60150
1643804,58394
1643874,57553
1643946,56338
1644018,55555
1644091,55172
1644165,54421
1644239,54054
1644314,53691
1644390,52980
1644466,52631
1644543,52287
1644621,51612
1644699,51282
1644777,51282
1644857,50632
1644937,50000
1645017,50000
1645098,49689
1645179,49382
1645260,49382
1645343,48780
1645426,48192
1645508,48484
1645591,48484
1645674,48192
1645758,47904
1645842,47619
1645926,47619
1646011,47337
1646096,47058
1646181,47058
1646266,47058
1646351,47058
1646437,46783
1646523,46511
1646609,46511
1646695,46511
1646781,46511
1646867,46511
1646953,46511
1647040,46242
1647126,46242
1647213,46242
1647299,46242
1647386,46242
1647473,45977
1647560,45977
1647647,45977
1647734,45977
1647821,45977
1647909,45714
1647996,45714
1648084,45714
1648171,45714
1648259,45714
1648347,45454
1648434,45714
1648523,45454
1648610,45454
1648699,45454
1648787,45197
1648875,45454
1648963,45454
1649051,45454
1649139,45454
1649227,45454
1649316,45197
1649404,45197
1649493,45197
1649582,44943
1649670,45197
1649759,45197
1649848,44943
1649937,44943
1650025,45197
1650114,45197
1650202,45197
1650291,45197
1650379,45197
1650469,44943
1650556,45197
1650646,45197
1650734,44943
1650823,45197
1650967,34334
1651075,31746
1651159,41666
1651253,44943
1651334,45714
1651406,52287
1651488,51948
1651566,50000
1651648,50000
1651733,47904
1651816,47619
1651900,47904
1651987,46783
1652101,39800
1652186,40201
1652273,46511
1652358,46511
1652443,47058
1652526,47619
1652611,47619
1652696,47058
1652783,46511
1652873,45197
1652956,46242
1653045,46511
1653127,46783
1653213,47619
1653294,47904
1653371,50632
1653455,49689
1653534,49079
1653612,50955
1653699,48484
1653784,46511
1653870,46783
1653960,45454
1654047,45197
1654132,46511
1654220,46242
1654316,43478
1654397,45197
1654486,47058
1654572,45714
1654656,47058
1654773,39800
1654855,40201
1654940,47904
1655022,47904
1655102,49382
1655218,40816
1655327,35555
1655413,41025
1655500,46242
1655586,46242
1655672,46511
1655759,46242
1655844,46511
1655929,47058
1656009,48484
1656092,49079
1656178,47337
1656270,44943
1656356,44943
1656442,46511
1656560,39215
1656641,40201
1656724,48780
1656811,47058
1656893,47337
1656981,47058
1657064,46783
1657179,40404
1657262,40404
1657348,47337
1657436,45977
1657522,45977
1657608,46511
1657696,45977
1657783,45714
1657869,46242
1657956,46242
1658070,39800
1658159,39408
1658248,44943
1658332,46242
1658422,45977
1658499,47904
1658580,50632
1658668,47337
1658752,46511
1658938,29629
1659018,30075
1659103,48484
1659185,47904
1659270,47904
1659353,47619
1659472,39603
1659551,40404
1659629,50955
1659715,48780
1659800,46783
1659886,46783
1659972,46511
1660056,47058
1660144,46511
1660230,45977
1660318,45977
1660404,45977
1660491,46242
1660580,45454
1660667,45454
1660753,46242
1660840,46242
1660926,46242
1661012,46511
1661097,46783
1661187,45714
1661268,46783
1661346,50314
1661428,50000
1661608,30534
1661692,30303
1661773,48484
1661853,49689
1661988,37209
1662100,32388
1662185,40609
1662344,32786
1662425,33333
1662511,47904
1662594,47337
1662709,40404
1662813,36529
1662898,42328
1662984,46783
1663071,46242
1663156,46511
1663242,46783
1663404,32258
1663489,32388
1663575,46783
1663850,22160
1663937,22099
1664021,46783
1664107,47058
1664192,46783
1664280,46242
1664368,45454
1664457,45197
1664568,40000
1664655,40404
1664738,47058
1664855,40000
1664936,40404
1665025,47058
1665111,45714
1665197,46511
1665283,46511
1665370,46242
1665457,45977
1665545,45714
1665631,45977
1665719,45977
1665809,44943
1665894,45714
1665980,46783
1666092,40404
1666178,40404
1666263,46783
1666349,46783
1666566,26402
1666694,23188
1666780,37383
1666867,46242
1666978,40404
1667064,40609
1667176,40404
1667260,40816
1667394,36697
1667551,27491
1667634,33333
1667721,47058
1667853,36529
1667934,37558
1668239,20725
1668371,18306
1668527,27777
1668609,33613
1668761,34188
1668866,31128
1668972,37914
1669056,42105
1669140,47619
1669268,37735
1669467,24464
1669551,28268
1669635,47619
1670033,16597
1670306,11922
1670819,10178
1670906,13333
1671361,14760
1671779,9163
1672038,11816
1672166,20671
1672514,16806
1672655,16359
1673631,7162
1673969,6088
1674101,17021
1674184,37209
1674334,34334
1674552,21739
1675009,11851
1675305,10624
1675429,19047
1675581,28985
1675963,14981
1676443,9280
1676801,9546
1676976,15009
1677080,28673
1677276,26666
1677400,25000
1678363,7359
1682101,NA
1682975,NA
1683579,5412
1684024,7626
1687409,NA
1692581,NA
1745172,NA
1745245,NA
1745317,55172
1745391,54794
1745466,53691
1745542,52980
1745619,52287
1745695,52287
1745774,51612
1745852,50955
1745933,50314
1746012,50000
1746093,50000
1746173,49689
1746256,49079
1746339,48192
1746420,48780
1746502,49079
1746585,48484
1746670,47619
1746751,48192
1746835,48484
1746918,47904
1747004,47337
1747088,47058
1747174,47058
1747258,47058
1747364,42105
1747516,31007
1748015,12288
1748233,11157
1748411,20202
1748604,21563
1748716,26229
1748825,36199
1748913,40609
1749024,40201
1749134,36199
1749220,40816
1749332,40404
1749419,40201
1749507,45714
1749619,40000
1749708,39800
1749796,45197
1749885,45197
1749974,44943
1750062,45197
1750151,45197
1750241,44692
1750328,45197
1750416,45714
1750508,44444
1750597,44198
1750686,44943
1750775,44943
1750888,39603
1750976,39800
1751067,44692
1751179,39408
1751267,40000
1751358,44692
1751471,39215
1751556,40404
1751713,33057
1752082,15209
1752625,8771
1752747,12030
1753069,18018
1753173,18779
1753756,11644
1754068,8938
1754240,16528
1754325,31128
1754641,19950
1754741,19230
1754976,23880
1755082,23460
1755260,28169
1755390,25974
1755829,14059
1756821,5590
1757193,5865
1757514,11544
1758314,7136
1758403,8998
1758530,37037
1758621,36697
1758800,29629
1758886,30188
1759554,10610
1759707,9744
1759797,32921
1759932,35555
1760019,36036
1760241,25889
1760441,18957
1760681,18181
1760836,20253
1761280,13355
1761684,9433
1761816,14925
1761925,33195
1762150,23952
1762280,22535
1762840,11594
1763152,9174
1763471,12678
1763645,16227
1763729,31007
1764180,14953
1764923,6700
1765347,6855
1765847,8658
1766199,9389
1766828,8154
1767344,6986
1767971,6999
1768484,7017
1769345,5822
1770991,NA
1774785,NA
1775310,NA
1775695,8791
1776950,4878
1777338,4869
1777997,7640
1780298,NA
1787872,NA
1861148,NA
1861216,NA
1861288,57142
1861360,55555
1861433,55172
1861507,54421
1861581,54054
1861657,53333
1861733,52631
1861809,52631
1861887,51948
1861965,51282
1862044,50955
1862123,50632
1862203,50314
1862284,49689
1862365,49382
1862446,49382
1862527,49382
1862610,48780
1862693,48192
1862775,48484
1862858,48484
1862941,48192
1863024,48192
1863108,47904
1863193,47337
1863277,47337
1863361,47619
1863446,47337
1863530,47337
1863616,47058
1863701,46783
1863787,46783
1863873,46511
1863959,46511
1864044,46783
1864130,46783
1864217,46242
1864303,46242
1864389,46511
1864476,46242
1864563,45977
1864650,45977
1864737,45977
1864824,45977
1864911,45977
1864999,45714
1865086,45714
1865174,45714
1865261,45714
1865349,45714
1865436,45714
1865524,45714
1865612,45454
1865700,45454
1865788,45454
1865876,45454
1865965,45197
1866054,44943
1866141,45454
1866230,45454
1866318,45197
1866407,45197
1866496,44943
1866584,45197
1866673,45197
1866761,45197
1866850,45197
1866939,44943
1867027,45197
1867116,45197
1867203,45454
1867293,45197
1867384,44198
1867473,44444
1867589,39024
1867720,32388
1867799,38095
1868016,27027
1868137,23668
1868219,39408
1868308,46783
1868393,45977
1868506,40404
1868638,32653
1868723,36866
1868813,45714
1868897,45977
1868983,47058
1869068,46783
1869159,45454
1869242,45977
1869324,48484
1869405,49079
1869487,49079
1869574,47337
1869658,46783
1869740,48192
1869826,47619
1869908,47619
1869988,49382
1870072,48780
1870155,47904
1870289,36866
1870374,36529
1870486,40609
1870568,41237
1870703,36866
1870787,36529
1870873,47058
1870964,45197
1871048,45714
1871134,47058
1871217,47337
1871300,48192
1871384,47904
1871468,47619
1871582,40404
1871762,27210
1871848,30075
1871932,47058
1872019,46783
1872142,38095
1872238,36529
1872320,44943
1872404,48192
1872489,47337
1872576,46511
1872663,45977
1872870,27210
1872971,25974
1873052,43956
1873133,49382
1873212,50000
1873294,49689
1873383,46783
1873469,45714
1873554,46783
1873673,39215
1873757,39408
1873843,47058
1873959,39603
1874044,39800
1874134,45714
1874218,45977
1874304,47058
1874387,47337
1874480,45454
1874564,45197
1874646,48192
1874727,49079
1874828,43956
1875104,21220
1875186,22346
1875270,48192
1875353,47904
1875436,48192
1875524,46783
1875609,46242
1875695,46783
1875782,46242
1875923,35087
1876005,35874
1876095,46511
1876180,45714
1876265,47058
1876354,45977
1876443,44943
1876530,45454
1876617,45977
1876703,46242
1876794,45197
1876881,44943
1876969,45714
1877126,32653
1877210,33195
1877293,47904
1877444,34188
1877530,33755
1877615,46783
1877703,46242
1877787,46511
1877921,36697
1878006,36529
1878134,37558
1878221,37209
1878309,45714
1878392,46783
1878478,47337
1878615,35874
1878702,35714
1878791,45454
1878917,37209
1879058,29962
1879142,35555
1879251,41450
1879409,29962
1879539,27777
1879628,36529
1879713,45977
1879800,46511
1879888,45714
1879976,45454
1880062,45977
1880148,46511
1880234,46511
1880345,40609
1880542,25974
1880627,28368
1880713,46783
1880979,22727
1881198,16494
1881324,23188
1881432,34188
1881654,24242
1881826,20304
1881954,26666
1882331,15841
1882415,17353
1882499,47619
1882981,14134
1883137,12539
1883400,19093
1883673,14925
1883922,15325
1884033,22222
1884120,40404
1884204,46783
1884288,47619
1884373,47337
1884549,30651
1884833,17391
1885161,13071
1885430,13400
1885623,17316
1885794,21978
1885924,26578
1886009,37209
1886225,26578
1886397,20618
1886524,26755
1886719,24844
1886985,17353
1887130,19464
1887270,28070
1887354,35714
1887483,37558
1887588,34188
1887714,34632
1888162,13937
1889023,6111
1889506,5952
1889809,10178
1890077,14010
1890669,9302
1891510,5582
1893546,NA
1894290,NA
1894705,6902
1895026,10869
1895488,10217
1901330,NA
1921701,NA
1972978,NA
1973092,NA
1973268,27586
1973385,27303
1973607,23598
1973728,23323
1973851,32786
1973977,32128
1974059,38461
1974141,48780
1974224,48484
1974308,47904
1974393,47337
1974476,47619
1974561,47619
1974646,47058
1974732,46783
1974818,46511
1974904,46511
1974992,45977
1975076,46511
1975162,47058
1975248,46511
1975334,46511
1975422,45977
1975509,45714
1975596,45977
1975683,45977
1975771,45714
1975859,45454
1975945,45977
1976033,45977
1976121,45454
1976210,45197
1976298,45197
1976387,45197
1976475,45197
1976563,45454
1976652,45197
1976741,44943
1976831,44692
1976919,44943
1977007,45454
1977096,45197
1977185,44943
1977275,44692
1977365,44444
1977453,44943
1977542,45197
1977632,44692
1977721,44692
1977810,44943
1977899,44943
1977988,44943
1978078,44692
1978168,44444
1978258,44444
1978348,44444
1978437,44692
1978528,44444
1978618,44198
1978709,44198
1978796,44943
1978889,44444
1978975,44692
1979227,23668
1981209,NA
1981730,NA
1981899,11594
1982029,26755
1982298,20050
1982386,22408
1982473,45714
1982632,32520
1983081,13157
1983383,10652
1983855,10335
1983945,14234
1984076,36199
1984210,30188
1984456,21052
1984626,19230
1985986,5228
1989302,NA
1989748,NA
1991010,4683
1991300,5154
1994821,NA
1995194,NA
1995503,11730
1996124,8602
1996557,7590
1997649,5245
1997974,5645
1999728,NA
2001531,NA
2005136,NA
2014083,NA
2015535,NA
2099695,NA
2099766,NA
2099837,56338
2099909,55944
2099982,55172
2100056,54421
2100131,53691
2100207,52980
2100283,52631
2100361,51948
2100439,51282
2100517,51282
2100597,50632
2100679,49382
2100760,49079
2100842,49079
2100924,48780
2101004,49382
2101086,49382
2101169,48484
2101251,48484
2101334,48484
2101417,48192
2101501,47904
2101584,47904
2101668,47904
2101752,47619
2101837,47337
2101921,47337
2102007,47058
2102092,46783
2102178,46783
2102264,46511
2102350,46511
2102436,46511
2102522,46511
2102609,46242
2102695,46242
2102781,46511
2102868,46242
2102955,45977
2103042,45977
2103129,45977
2103216,45977
2103304,45714
2103391,45714
2103478,45977
2103567,45454
2103654,45454
2103743,45454
2103830,45454
2103918,45714
2104007,45197
2104095,45197
2104184,45197
2104272,45197
2104361,45197
2104449,45197
2104538,45197
2104626,45197
2104716,44943
2104805,44692
2104893,45197
2104982,45197
2105071,44943
2105159,45197
2105247,45454
2105338,44692
2105425,44943
2105516,44943
2105603,44943
2105716,40000
2105830,35242
2105907,41884
2106257,18735
2106389,16597
2106476,36529
2106564,45714
2106652,45454
2106741,45197
2106825,46242
2106937,40816
2107036,37914
2107115,44943
2107208,46511
2107290,45714
2107405,40609
2107482,41666
2107566,49689
2107741,30888
2107986,19047
2108070,24316
2108183,40609
2108266,40816
2108356,46242
2108440,45977
2108511,51612
2108597,50955
2108779,29850
2108864,29962
2108976,40609
2109059,41025
2109139,49079
2109218,50314
2109305,48192
2109391,46242
2109528,35874
2109615,35714
2109699,46783
2109786,46783
2109871,46511
2109963,45197
2110049,44943
2110134,46783
2110221,46511
2110307,46242
2110392,46783
2110476,47337
2110557,48484
2110751,29090
2110883,24539
2110967,37037
2111054,46783
2111167,40000
2111252,40404
2111335,47619
2111414,49382
2111498,49079
2111608,41237
2111696,40404
2111780,46511
2111961,30188
2112067,27874
2112201,33333
2112312,32653
2112396,41025
2112483,46783
2112756,22222
2112839,22471
2112923,47904
2113008,47337
2113093,47058
2113212,39215
2113327,34188
2113483,29520
2113568,33195
2113652,47337
2113738,47058
2113872,36363
2113959,36199
2114046,45977
2114131,46511
2114420,21390
2114725,13468
2114811,20460
2114919,41237
2115164,22662
2115250,24169
2115339,45714
2115426,45454
2115512,46242
2115624,40404
2115758,32520
2115881,31128
2116315,14362
2116533,12269
2116730,19277
2116817,28169
2116926,40816
2117013,40816
2117101,45714
2117187,45977
2117273,46511
2117561,21390
2117694,19002
2117805,32786
2117890,40816
2118000,41025
2118086,40816
2118173,46242
2118304,36697
2118391,36697
2118614,25806
2118860,17057
2119081,17130
2119435,13913
2119912,9626
2120129,11527
2120394,16597
2121109,8163
2121432,7707
2121832,11065
2122213,10243
2122607,10322
2122732,15414
2122931,24691
2123146,19323
2125467,NA
2126279,NA
2127555,NA
2128096,4402
2184643,NA
2190988,NA
2191054,NA
2191123,59259
2191192,57971
2191262,57553
2191334,56338
2191406,55555
2191479,55172
2191552,54794
2191628,53691
2191703,52980
2191779,52980
2191855,52631
2191933,51948
2192012,50955
2192090,50955
2192169,50955
2192378,27777
2192458,27681
2192539,49689
2192620,49382
2192702,49079
2192785,48484
2192867,48484
2192950,48484
2193033,48192
2193116,48192
2193201,47619
2193285,47337
2193369,47619
2193455,47058
2193540,46783
2193626,46783
2193711,46783
2193797,46783
2193884,46242
2193970,46242
2194057,46242
2194143,46242
2194230,46242
2194317,45977
2194404,45977
2194491,45977
2194578,45977
2194666,45714
2194753,45714
2194841,45714
2194929,45454
2195016,45714
2195103,45977
2195192,45454
2195281,44943
2195368,45454
2195457,45454
2195546,44943
2195633,45454
2195724,44943
2195811,44943
2195899,45714
2195988,45197
2196076,45197
2196163,45714
2196253,45197
2196343,44444
2196431,44943
2196518,45714
2196609,44943
2196696,44943
2196783,45977
2196871,45714
2196953,47058
2197035,48780
2197135,43956
2197215,44444
2197298,49079
2197405,42105
2197483,43243
2197563,50632
2197649,48192
2197755,41666
2197835,43010
2197940,43243
2198089,31496
2198243,26402
2198326,33755
2198408,48484
2198509,43715
2198636,35087
2198713,39215
2198797,49689
2198886,46242
2198970,46242
2199081,41025
2199167,40609
2199252,46783
2199337,47058
2199437,43243
2199516,44692
2199599,49382
2199676,50000
2199894,27118
2199965,27681
2200044,53333
2200154,42328
2200260,37037
2200365,37914
2200490,34782
2200572,38647
2200658,47619
2200742,47058
2200831,46242
2200918,45454
2201005,45977
2201092,45977
2201178,46242
2201269,45197
2201359,44198
2201442,46242
2201556,40609
2201642,40000
2201738,43956
2201819,45197
2201907,47337
2201999,44444
2202082,45714
2202168,47337
2202251,47337
2202338,47058
2202421,47058
2202509,46783
2202593,46511
2202679,47058
2202766,46242
2202852,46242
2202938,46511
2203025,46242
2203105,47904
2203189,48780
2203273,47619
2203359,47058
2203445,46511
2203532,46242
2203618,46242
2203704,46511
2203878,30769
2204180,16806
2204264,20725
2204421,33195
2204502,33613
2204650,34934
2204778,28985
2204885,34042
2204974,40816
2205084,40201
2205169,41025
2205296,37735
2205424,31372
2205553,31128
2205682,31007
2206087,14981
2206243,14260
2206352,30188
2206503,30769
2206588,33898
2206675,46511
2206764,45454
2206849,45977
2207049,28070
2207136,27874
2207223,45977
2207333,40609
2207440,36866
2207571,33613
2207923,16563
2208009,18264
2208115,41666
2208250,33195
2208355,33333
2208440,42105
2208723,21739
2209079,12519
2209474,10652
2209760,11747
2210495,7835
2210996,6472
2212306,4417
2212705,4681
2214753,NA
2215838,NA
2216145,5747
2216472,12618
2217173,7782
2228399,NA
2258082,NA
2281180,NA
2282746,NA
2282938,4550
2283085,23598
2283275,23738
2283621,14925
2283751,16806
2283859,33613
2283966,37209
2284053,41237
2284140,45977
2284246,41450
2284335,41025
2284422,45454
2284510,45714
2284597,45714
2284685,45714
2284795,40404
2284883,40404
2284970,45714
2285105,36036
2285236,30075
2285346,33195
2285457,36199
2285635,27681
2285766,25889
2285858,35874
2285990,35714
2286127,29739
2286235,32653
2286366,33472
2286524,27681
2287242,9132
2288477,4096
2289226,4032
2290282,4432
2290792,5108
2291423,7011
2292461,4793
2292677,6379
2293145,11695
2293299,12861
2293804,12139
2293960,12102
2294132,24390
2294651,11577
2295711,5066
2296040,5759
2296192,16632
2297263,6541
2297591,5718
2297811,14598
2298185,13468
2298578,10430
2300009,4385
2300452,4268
2318513,NA
2371851,NA
2371921,NA
2371995,55555
2372067,54794
2372141,54794
2372216,53691
2372292,52980
2372367,52980
2372464,46511
2372659,27397
2372910,17937
2372991,24096
2373071,49689
2373152,49689
2373234,49079
2373316,48780
2373398,48780
2373481,48484
2373565,47904
2373649,47619
2373733,47619
2373817,47619
2373901,47619
2373986,47337
2374071,47058
2374158,46511
2374243,46511
2374329,46783
2374414,46783
2374501,46511
2374587,46242
2374673,46511
2374760,46242
2374847,45977
2374934,45977
2375020,46242
2375107,46242
2375194,45977
2375282,45714
2375370,45454
2375457,45714
2375545,45714
2375632,45714
2375720,45714
2375808,45454
2375897,45197
2375986,44943
2376074,45197
2376162,45454
2376249,45714
2376339,45197
2376428,44692
2376517,44943
2376606,44943
2376694,45197
2376783,45197
2376873,44692
2376961,44943
2377050,45197
2377139,44943
2377229,44692
2377317,44943
2377405,45454
2377495,44943
2377584,44692
2377674,44692
2377789,39024
2377873,40201
2377957,47619
2378122,32128
2378208,31872
2378338,37037
2378426,36697
2378556,36697
2378650,35714
2378800,32786
2378942,27397
2379074,29197
2379157,37209
2379245,46783
2379329,46511
2379415,47058
2379498,47337
2379582,47904
2379796,26845
2379877,27118
2380007,37914
2380093,37037
2380229,36036
2380315,36036
2380404,45714
2380490,45714
2380580,45454
2380666,45454
2380757,45197
2380940,29197
2381024,29962
2381114,45977
2381200,45454
2381290,45454
2381375,45714
2381465,45714
2381552,45197
2381641,45454
2381755,39408
2381842,39800
2381929,45977
2382017,45714
2382105,45454
2382197,44444
2382279,45977
2382363,48192
2382476,40609
2382559,40816
2382644,47619
2382735,45454
2382823,44692
2382910,45714
2382997,45977
2383087,45197
2383173,45454
2383260,46242
2383346,46242
2383456,40816
2383541,41025
2383693,33755
2383869,24390
2383979,27972
2384080,37914
2384170,41884
2384251,46783
2384339,47337
2384426,45714
2384511,46511
2384597,46783
2384836,24615
2385144,14625
2385296,17391
2385451,26058
2385538,33057
2385849,20100
2385933,20253
2386093,32786
2386222,27681
2386358,30188
2386479,31128
2386836,16736
2387602,7123
2387867,7759
2387953,22792
2388040,46242
2388171,36697
2388280,33333
2388389,36697
2388476,40816
2388605,37037
2388784,25974
2388869,30303
2388997,37558
2389086,36866
2389218,36199
2389326,33333
2389592,21390
2389678,22727
2389803,37914
2390477,10012
2390964,6890
2391530,7597
2391762,10025
2391911,20997
2392019,31128
2392171,30769
2392280,30651
2392366,41025
2392454,45977
2392670,26315
2392812,22346
2392895,35555
2393143,24169
2393229,23952
2393316,46242
2393400,46783
2393626,25806
2393823,18912
2393993,21798
2394368,14678
2394517,15267
2394959,13536
2395402,9039
2395904,8465
2396165,10484
2396537,12638
2396841,11834
2397055,15444
2398328,5379
2403828,NA
2474956,NA
2475125,NA
2475250,27210
2475357,34482
2475443,41450
2475591,34188
2475808,21917
2476047,17543
2476265,17505
2476551,15873
2476815,14545
2477011,17391
2477345,15094
2477834,9720
2478034,11611
2478257,18912
2478638,13245
2478969,11235
2481181,NA
2481606,NA
2481779,13377
2481866,30769
2482064,28070
2482239,21447
2482417,22662
2482815,13888
2483305,9009
2484480,4804
2485954,NA
2488975,NA
2489349,NA
2490061,7366
2490592,6436
2505515,NA
2586113,NA
2586184,NA
2586254,56737
2586325,56737
2586398,55555
2586472,54421
2586547,53691
2586622,53333
2586700,52287
2586777,51612
2586855,51612
2586932,51612
2587012,50955
2587112,44444
2587236,35714
2587314,39603
2587397,49689
2587480,48192
2587563,48192
2587645,48484
2587728,48484
2587812,47904
2587897,47337
2587980,47619
2588066,47337
2588151,46783
2588236,47058
2588321,47058
2588406,47058
2588493,46511
2588579,46242
2588664,46783
2588751,46511
2588838,45977
2588925,45977
2589012,45977
2589099,45977
2589186,45977
2589273,45977
2589362,45454
2589449,45454
2589537,45714
2589624,45714
2589712,45714
2589800,45454
2589888,45454
2589976,45454
2590065,45197
2590154,44943
2590243,44943
2590331,45197
2590419,45454
2590508,45197
2590596,45197
2590685,45197
2590774,44943
2590863,44943
2590951,45197
2591042,44692
2591131,44444
2591218,45454
2591310,44692
2591398,44444
2591489,44692
2591577,44692
2591666,45197
2591758,44198
2591845,44692
2591933,45714
2592025,44444
2592138,39024
2592224,40201
2592333,41025
2592468,32786
2592557,35714
2592707,33472
2592827,29629
2592910,39408
2592996,47337
2593081,46783
2593164,47619
2593242,49689
2593416,31746
2593496,31496
2593579,49079
2593667,46783
2593779,40000
2593856,42328
2594000,36199
2594083,35242
2594240,33333
2594325,33057
2594408,47619
2594492,47904
2594576,47619
2594661,47337
2594748,46511
2594838,45197
2594926,44943
2595013,45714
2595128,39603
2595262,32128
2595347,36529
2595435,46242
2595524,45197
2595816,20997
2595971,17897
2596060,32786
2596147,45454
2596234,45977
2596321,45977
2596409,45714
2596495,45977
2596614,39024
2596819,24691
2596906,27397
2596994,45714
2597080,45977
2597167,46242
2597281,39800
2597369,39603
2597742,17353
2597894,15238
2598043,26578
2598463,14059
2598548,15841
2598706,32921
2598791,32921
2598996,27586
2599150,22284
2599232,33898
2599319,47337
2599405,46242
2599516,40609
2599629,35714
2599739,35874
2599939,25806
2600117,21164
2600224,28070
2600495,21164
2600651,18735
2600781,27972
2601003,22727
2601181,20000
2601405,19900
2601583,19900
2601736,24169
2601913,24242
2602205,17057
2602824,8781
2603366,6890
2603449,12800
2603745,21108
2603831,20942
2603918,46242
2604005,45977
2604094,45454
2604371,21857
2604587,16227
2604985,13029
2605183,13422
2605316,24169
2606572,5759
2606856,5194
2607877,6130
2614612,NA
2622422,NA
2653928,NA
2692498,NA
2697356,NA
2703725,NA
2704529,NA
2706387,NA
2718975,NA
2734350,NA
2805335,NA
2805443,NA
2805515,44444
2805589,54794
2805662,54421
2805738,53691
2805814,52631
2805890,52631
2805967,52287
2806045,51612
2806123,51282
2806223,44943
2806302,44692
2806404,44198
2806483,44198
2806565,49689
2806647,48780
2806732,47904
2806814,47904
2806896,48780
2806979,48484
2807064,47619
2807148,47337
2807232,47619
2807316,47619
2807401,47337
2807487,46783
2807573,46511
2807657,47058
2807744,46783
2807829,46511
2807916,46511
2808002,46242
2808089,46242
2808175,46242
2808262,46242
2808350,45714
2808438,45454
2808524,45977
2808611,46242
2808698,45977
2808786,45714
2808874,45454
2808962,45454
2809049,45714
2809137,45714
2809226,45197
2809312,45714
2809400,45977
2809489,45197
2809577,45197
2809667,44943
2809753,45454
2809842,45714
2809929,45454
2810021,44692
2810106,45197
2810198,45197
2810286,44444
2810373,45714
2810463,45197
2810550,45197
2810659,40816
2810773,35874
2810883,35714
2810999,35398
2811081,40404
2811221,36036
2811441,22222
2811643,18957
2811746,26229
2811937,27210
2812021,29090
2812149,37735
2812297,28985
2812443,27210
2812529,34482
2812615,46511
2812924,20253
2813007,20408
2813310,20725
2813527,15384
2813634,24691
2813722,41025
2813809,45714
2813894,46511
2813982,46242
2814089,41025
2814428,17937
2815033,8474
2815164,10869
2815273,33333
2815428,30303
2815715,18099
2815825,20151
2815958,32921
2816153,24390
2816237,28673
2816556,19851
2816798,14260
2816884,24390
2816993,41025
2817079,41025
2817572,13816
2818181,7259
2820069,NA
2820442,NA
2820756,11644
2821088,12383
2822885,NA
2836454,NA
2938175,NA
2980269,NA
3026086,NA
3026179,NA
3026335,32128
3026412,34334
3026490,51612
3026589,45197
3026689,40201
3026770,44198
3026851,49382
3026933,49079
3027016,48484
3027097,48780
3027180,48780
3027263,48192
3027347,47904
3027431,47619
3027516,47337
3027601,47058
3027684,47619
3027769,47619
3027854,47058
3027940,46783
3028025,46783
3028112,46511
3028198,46242
3028284,46511
3028370,46511
3028458,45977
3028544,45977
3028630,46511
3028716,46511
3028803,46242
3028891,45714
3028977,45977
3029066,45714
3029152,45714
3029240,45977
3029328,45454
3029416,45454
3029502,45977
3029591,45714
3029679,45197
3029767,45454
3029855,45454
3029942,45714
3030031,45454
3030119,45197
3030208,45197
3030296,45197
3030385,45197
3030474,44943
3030564,44692
3030651,45197
3030739,45714
3030829,44943
3030918,44692
3031007,44943
3031097,44692
3031187,44444
3031273,45454
3031363,45454
3031454,44198
3031540,45197
3031631,45197
3031721,44198
3031809,44943
3031899,44943
3032031,36036
3032141,33057
3032523,16260
3032632,16293
3032717,41237
3032802,47058
3032888,46783
3033076,29197
3033162,29197
3033247,46783
3033333,46783
3033665,19138
3033870,14897
3034117,17699
3034311,18140
3034460,23323
3034659,22988
3034924,17241
3035241,13745
3035738,9828
3036358,7162
3036647,8800
3037212,9367
3037634,8105
3038187,8205
3038790,6920
3039707,5263
3040207,5645
3061691,NA
3122593,NA
3133237,NA
3133417,NA
3133519,28368
3133620,39408
3133724,39024
3133808,42553
3133893,47337
3133976,47619
3134059,48192
3134143,47904
3134228,47337
3134313,47058
3134398,47058
3134483,47058
3134568,47058
3134654,46783
3134761,41450
3134847,41450
3134934,46242
3135021,45977
3135108,45977
3135193,46511
3135281,46242
3135368,45714
3135456,45714
3135542,45977
3135628,46511
3135716,45977
3135804,45454
3135891,45714
3135979,45714
3136068,45197
3136155,45454
3136242,45977
3136329,45977
3136417,45714
3136506,45197
3136595,44943
3136684,44943
3136772,45197
3136860,45454
3136948,45454
3137037,45197
3137126,44943
3137214,45197
3137303,45197
3137392,44943
3137481,44943
3137570,44943
3137659,44943
3137748,44943
3137837,44943
3137926,44943
3138015,44943
3138104,44943
3138194,44692
3138282,44943
3138372,44943
3138462,44444
3138550,44943
3138640,44943
3138731,44198
3138817,45197
3138980,32128
3139063,32520
3139151,46783
3139361,26845
3139466,25396
3139594,34334
3139678,37735
3139935,23460
3140017,23598
3140105,47058
3140192,45714
3140280,45714
3140368,45454
3140454,45977
3140542,45977
3140630,45454
3140718,45454
3140893,30418
3141133,19277
3141286,20356
3141486,22662
3141594,25974
3141681,41025
3141770,45454
3141879,40404
3141967,40609
3142078,40201
3142208,33195
3142875,10037
3143032,9708
3143185,25806
3143931,8898
3145062,4262
3147616,NA
3229184,NA
3229557,NA
3230342,6908
3231968,NA
3256303,NA
3330212,NA
3343741,NA
3343871,NA
3343950,38277
3344083,37735
3344186,33898
3344263,44444
3344364,44943
3344444,44198
3344524,50000
3344606,49382
3344687,49079
3344770,48780
3344851,48780
3344935,48484
3345019,47619
3345103,47619
3345186,47904
3345269,48192
3345375,42328
3345464,41025
3345550,45714
3345675,37914
3345805,31372
3345893,36697
3346000,41025
3346088,41025
3346196,40816
3346304,37037
3346437,33195
3346523,36529
3346631,41237
3346764,33195
3346852,36199
3346984,36363
3347071,36529
3347160,45454
3347246,45714
3347335,45714
3347423,45197
3347533,40404
3347646,35874
3347776,32921
3347887,33195
3347976,40000
3348066,44692
3348198,36036
3348332,30075
3348421,35874
3348577,32653
3348712,27491
3348821,32786
3349004,27397
3349091,29629
3349228,35714
3349331,33333
3349493,30188
3349715,20833
3349799,26143
3349883,47619
3349967,47619
3350181,26845
3350329,22099
3350538,22408
3350622,27303
3350709,46783
3350795,46242
3350882,46242
3350972,45197
3351058,45454
3351143,46783
3351296,33613
3351404,30651
3351559,30418
3351668,30303
3351753,41237
3351931,30418
3352062,25889
3352422,16293
3353127,7511
3353256,9592
3353389,30534
3353568,25641
3353747,22346
3353926,22346
3356767,NA
3360023,NA
3411696,NA
3592616,NA
3592779,NA
3593154,14869
3593474,11510
3595127,4054
3596354,NA
3669105,NA
3669429,NA
3669817,11235
3671169,4597
3773190,NA
3773525,NA
3773969,10269
3775167,4872
3781330,NA
3872455,NA
3872703,NA
3872865,19512
3872948,32653
3873074,38277
3873201,31620
3873394,25000
3873653,17699
3873956,14234
3874871,6568
3875178,6546
3875399,15151
3875574,20202
3875979,13793
4080445,NA
4081460,NA
4082540,NA
4243356,NA
4334752,NA
4335278,NA
4335507,10596
4335652,21390
4335815,25974
4335986,23952
4336093,28776
4336176,42105
4336366,29304
4336495,25078
4336579,37558
4336729,34188
4336857,28776
4336989,30769
4337075,36697
4337203,37383
4337332,31128
4337487,28169
4337681,22922
4337921,18433
4338074,20356
4338206,28070
4338315,33195
4338407,39800
4338492,45197
4338601,41237
4338713,36199
4338799,40404
4338931,36697
4339110,25723
4339377,17937
4339465,22535
4339687,25806
4339776,25723
4340046,22284
4340200,18867
4340306,30769
4340766,14134
4341883,5072
4432528,NA
4432940,NA
4433134,13201
4433251,25723
4433349,37209
4433488,33755
4433589,33333
4433687,40201
4433830,33195
4433954,29962
4434034,39215
4434157,39408
4434262,35087
4434344,42780
4434470,38461
4434595,31872
4434680,38095
4434766,46783
4434848,47619
4434955,42328
4435041,41450
4435125,47058
4435297,31250
4435425,26666
4435512,37209
4435617,41666
4435705,41450
4435836,36529
4435964,30888
4436097,30651
4436249,28070
4436358,30651
4436488,33472
4436577,36529
4436666,44943
4436754,45197
4436838,46511
4436929,45714
4437013,45714
4437146,36866
4437231,36697
4437343,40609
4437458,35242
4437542,40201
4437635,45197
4437763,36199
4437919,28169
4438008,32653
4438092,46242
4438272,30303
4438359,29962
4438469,40609
4438627,29850
4438715,32520
4438803,45454
4439007,27397
4439093,27586
4439223,37037
4439514,19002
4439759,14925
4440180,12012
4440507,10695
4440856,11834
4440962,17582
4441049,41450
4441158,40816
4441247,40404
4441515,22408
4441624,21220
4441733,36697
4441821,40609
4441908,45714
4441996,45714
4442082,45977
4442171,45714
4442281,40201
4442370,40201
4442458,45197
4442569,40201
4442658,40000
4444911,NA
4445348,NA
4529930,NA
4530026,NA
4530125,41025
4530223,40609
4530361,33898
4530485,30534
4530567,38834
4530688,39408
4530792,35555
4530893,39024
4531039,32388
4531162,29739
4531266,35242
4531477,25396
4531605,23598
4531776,26755
4531948,23323
4532206,18604
4532377,18648
4532614,19607
4532878,15968
4533095,16632
4533337,17429
4533489,20304
4533623,27972
4533706,36866
4533840,36866
4533975,29739
4534060,36363
4534238,30418
4534415,22535
4534726,16393
4535370,8376
4536387,4816
4537787,NA
4537917,5228
4538259,16949
4540240,NA
4540635,NA
4620943,NA
4621056,NA
4621194,31872
4621292,33898
4621391,40609
4621473,44198
4621574,43715
4621655,43956
4621733,50314
4621816,49689
4621895,49382
4621980,48780
4622062,47904
4622144,48780
4622226,48780
4622330,43010
4622415,42328
4622498,47619
4622582,47904
4622665,47904
4622751,47337
4622837,46511
4622920,47337
4623026,42328
4623112,41666
4623199,46242
4623283,46783
4623392,41450
4623478,41025
4623561,47337
4623694,37037
4623781,36363
4623888,41237
4624018,33755
4624108,36363
4624218,40000
4624350,33057
4624431,37558
4624563,37558
4624718,27874
4624804,33195
4624937,36529
4625019,37209
4625136,40201
4625218,40201
4625360,35714
4625441,35874
4625544,43478
4625793,22727
4625896,22727
4625981,42553
4626083,42780
4626230,32128
4626315,34482
4626400,47058
4626486,46783
4626570,47058
4626851,21917
4627086,15503
4627239,20618
4627326,33333
4627431,41666
4627777,17738
4628042,13093
4628217,18181
4628369,24464
4628457,33333
4628630,30651
4628740,28268
4628827,40609
4628914,45977
4629346,15414
4629845,8592
4703755,NA
4703953,NA
4704131,21276
4704251,26845
4704394,30418
4704519,29850
4704641,32388
4704764,32653
4704868,35242
4704996,34482
4705120,31746
4705227,34632
4705312,41666
4705440,37558
4705546,34188
4705699,30888
4705913,21798
4706218,15414
4706595,11730
4706766,14598
4707033,18264
4707133,21798
4707230,40609
4707307,45977
4707407,45197
4707486,44692
4707627,36363
4707813,24464
4707976,22922
4708164,22792
4708245,29739
4708498,23952
4708643,20100
4709096,13377
4709183,14814
4709314,36697
4709730,14625
4710030,11173
4774422,NA
4774666,NA
4774936,15564
4775126,17391
4775253,25236
4775404,28776
4775639,20725
4775992,13605
4776993,5908
4777131,7023
4777269,28985
4777346,37209
4777426,50955
4777507,49689
4777607,44198
4777729,36036
4777853,32520
4778041,25641
4778230,21220
4778401,22222
4778612,20942
4778895,16194
4779003,20460
4779318,18912
5084994,NA
5177098,NA
5178162,NA
5178336,6462
5178619,17505
5178824,16393
5179121,15936
5179559,10884
5307371,NA
5308641,NA
5309189,4400
5309843,6655
6438807,NA
6439904,NA
6441056,NA
6443938,NA
6849586,NA
6850168,NA
6850343,10568
6850539,21563
6850700,22408
6850799,30769
6850965,30188
6851126,24464
6851231,30075
6851460,23952
6851544,25559
6851628,47619
6851714,47058
6851822,41237
6851965,31872
6852050,35087
6852136,46783
6852245,41025
6852329,41450
6852501,31250
6852671,23391
6852780,28673
6852867,40816
6852954,45977
6853041,45977
6853149,41025
6853303,30534
6853495,23121
6853715,19417
6853866,21563
6854088,21447
6854197,24169
6854327,33472
6854458,30651
6854590,30418
6854766,25974
6854987,20151
6855298,15037
6855476,16359
6855741,18058
6855916,18181
6952656,NA
6953159,NA
7248063,NA
7249603,NA
7250190,NA
7250780,6796
7251225,7729
7251446,12012
7252131,8830
7252510,7518
7252869,10840
7253023,15594
7253243,21390
7449132,NA
7449483,NA
7449568,18348
7450182,11444
7450739,6831
7450889,11315
7451110,21563
7451712,9720
7451931,9744
7452550,9546
7453853,4162
7454630,NA
7745175,NA
7745839,NA
7746471,6172
7834299,NA
7834583,NA
7835209,8791
7835483,8888
7835875,12012
7836397,8752
7837424,5164
7837741,5952
7838008,13698
7839086,5947
7839243,6477
7916698,NA
7916877,NA
7917362,12048
7918342,5460
7918750,5763
7919535,6705
7919672,8676
7920192,12176
7920897,6530
7922633,NA
7998436,NA
7998861,NA
7999671,6477
8000105,6430
8000411,10810
8000742,12558
8001238,9673
8001919,6796
8002121,9060
8002277,22346
8002610,16359
8081926,NA
8083076,NA
8083570,4866
8084254,6791
8084454,9049
8084743,16359
8085211,10568
8085867,7117
8086222,7912
8174146,NA
8174770,NA
8175818,4784
8176259,5372
8260278,NA
8802102,NA
8802440,NA
8802815,11220
8803257,9791
8803452,12558
8803603,23121
8803861,19559
8804076,16913
8804514,12251
8804949,9163
8805274,10526
8807973,NA
8914787,NA
8915724,NA
8917162,NA
8920928,NA
9006886,NA
9007076,NA
9007373,16427
9007759,11713
9008143,10389
9008469,11267
9008643,16000
9008815,23121
9008946,26402
9009144,24316
9009291,23188
9009469,24615
9009687,20202
9009819,22857
9010451,10471
9143811,NA
9144064,NA
9144255,18018
9144634,14035
9145203,8438
9145420,10178
9145705,15936
9145946,15209
9146078,21447
9146295,22922
9146536,17467
9146689,20304
9146798,30534
9146993,26315
9147126,24390
9147322,24316
9147961,9580
9148800,5412
9149292,6010
9312165,NA
9416864,NA
9417324,NA
9889481,NA
9997308,NA
10106819,NA
10181378,NA
10181799,NA
10182580,6655
10262425,NA
10262990,NA
10263220,10062
10263412,18957
10263792,13986
10264134,11080
10264287,16161
10264521,20671
10264845,14336
10265189,11976
10265584,10825
10266169,8163
10267836,NA
10268008,4350
10268310,16877
10556947,NA
10557367,NA
10557751,9950
10558639,6289
10559114,5869
10559441,9975
10559725,13093
10559969,15151
10560254,15122
10560543,13937
10560672,19138
10561695,6944
10562213,5191
10562618,8667
10750927,NA
10751535,NA
10752306,5801
10752994,5483
10753974,4796
10903070,NA
10912144,NA
11817365,NA
11817538,NA
11817925,14285
0,NA
